ticker,name,sector,indices,board
AADI,"AADI",Energy,KOMPAS100,Utama/Pengembangan
ACES,"ACES",Consumer Cyclicals,KOMPAS100,Utama/Pengembangan
ADMR,"ADMR",Energy,KOMPAS100,Utama/Pengembangan
ADRO,"ADRO",Energy,KOMPAS100,Utama/Pengembangan
AKRA,"AKRA",Energy,KOMPAS100,Utama/Pengembangan
AMMN,"AMMN",Basic Materials,KOMPAS100,Utama/Pengembangan
AMRT,"AMRT",Consumer Non-Cyclicals,KOMPAS100,Utama/Pengembangan
ANTM,"ANTM",Basic Materials,KOMPAS100,Utama/Pengembangan
ARCI,"ARCI",Basic Materials,KOMPAS100,Utama/Pengembangan
ARTO,"ARTO",Financials,KOMPAS100,Utama/Pengembangan
ASII,"ASII",Industrials,KOMPAS100,Utama/Pengembangan
BBCA,"BBCA",Financials,KOMPAS100,Utama/Pengembangan
BBNI,"BBNI",Financials,KOMPAS100,Utama/Pengembangan
BBRI,"BBRI",Financials,KOMPAS100,Utama/Pengembangan
BBTN,"BBTN",Financials,KOMPAS100,Utama/Pengembangan
BBYB,"BBYB",Financials,KOMPAS100,Utama/Pengembangan
BFIN,"BFIN",Financials,KOMPAS100,Utama/Pengembangan
BIPI,"BIPI",Energy,KOMPAS100,Utama/Pengembangan
BKSL,"BKSL",Property,KOMPAS100,Utama/Pengembangan
BMRI,"BMRI",Financials,KOMPAS100,Utama/Pengembangan
BNBR,"BNBR",Industrials,KOMPAS100,Utama/Pengembangan
BRIS,"BRIS",Financials,KOMPAS100,Utama/Pengembangan
BRMS,"BRMS",Basic Materials,KOMPAS100,Utama/Pengembangan
BRPT,"BRPT",Basic Materials,KOMPAS100,Utama/Pengembangan
BSDE,"BSDE",Property,KOMPAS100,Utama/Pengembangan
BUKA,"BUKA",Technology,KOMPAS100,Utama/Pengembangan
BULL,"BULL",Energy,KOMPAS100,Utama/Pengembangan
BUMI,"BUMI",Energy,KOMPAS100,Utama/Pengembangan
BUVA,"BUVA",Consumer Cyclicals,KOMPAS100,Utama/Pengembangan
CBDK,"CBDK",Property,KOMPAS100,Utama/Pengembangan
CMRY,"CMRY",Consumer Non-Cyclicals,KOMPAS100,Utama/Pengembangan
COIN,"COIN",Financials,KOMPAS100,Utama/Pengembangan
CPIN,"CPIN",Consumer Non-Cyclicals,KOMPAS100,Utama/Pengembangan
CTRA,"CTRA",Property,KOMPAS100,Utama/Pengembangan
CUAN,"CUAN",Energy,KOMPAS100,Utama/Pengembangan
DEWA,"DEWA",Energy,KOMPAS100,Utama/Pengembangan
DSNG,"DSNG",Consumer Non-Cyclicals,KOMPAS100,Utama/Pengembangan
ELSA,"ELSA",Energy,KOMPAS100,Utama/Pengembangan
EMAS,"EMAS",Basic Materials,KOMPAS100,Utama/Pengembangan
EMTK,"EMTK",Technology,KOMPAS100,Utama/Pengembangan
ENRG,"ENRG",Energy,KOMPAS100,Utama/Pengembangan
ERAA,"ERAA",Consumer Non-Cyclicals,KOMPAS100,Utama/Pengembangan
ESSA,"ESSA",Basic Materials,KOMPAS100,Utama/Pengembangan
EXCL,"EXCL",Infrastructure,KOMPAS100,Utama/Pengembangan
GGRM,"GGRM",Consumer Non-Cyclicals,KOMPAS100,Utama/Pengembangan
GOTO,"GOTO",Technology,KOMPAS100,Utama/Pengembangan
HEAL,"HEAL",Healthcare,KOMPAS100,Utama/Pengembangan
HRTA,"HRTA",Consumer Cyclicals,KOMPAS100,Utama/Pengembangan
HRUM,"HRUM",Energy,KOMPAS100,Utama/Pengembangan
ICBP,"ICBP",Consumer Non-Cyclicals,KOMPAS100,Utama/Pengembangan
IMPC,"IMPC",Industrials,KOMPAS100,Utama/Pengembangan
INCO,"INCO",Basic Materials,KOMPAS100,Utama/Pengembangan
INDF,"INDF",Consumer Non-Cyclicals,KOMPAS100,Utama/Pengembangan
INDY,"INDY",Energy,KOMPAS100,Utama/Pengembangan
INET,"INET",Infrastructure,KOMPAS100,Utama/Pengembangan
INKP,"INKP",Basic Materials,KOMPAS100,Utama/Pengembangan
ISAT,"ISAT",Infrastructure,KOMPAS100,Utama/Pengembangan
ITMG,"ITMG",Energy,KOMPAS100,Utama/Pengembangan
JPFA,"JPFA",Consumer Non-Cyclicals,KOMPAS100,Utama/Pengembangan
JSMR,"JSMR",Infrastructure,KOMPAS100,Utama/Pengembangan
KIJA,"KIJA",Property,KOMPAS100,Utama/Pengembangan
KLBF,"KLBF",Healthcare,KOMPAS100,Utama/Pengembangan
KPIG,"KPIG",Consumer Cyclicals,KOMPAS100,Utama/Pengembangan
LSIP,"LSIP",Consumer Non-Cyclicals,KOMPAS100,Utama/Pengembangan
MAPA,"MAPA",Consumer Cyclicals,KOMPAS100,Utama/Pengembangan
MAPI,"MAPI",Consumer Cyclicals,KOMPAS100,Utama/Pengembangan
MBMA,"MBMA",Basic Materials,KOMPAS100,Utama/Pengembangan
MDKA,"MDKA",Basic Materials,KOMPAS100,Utama/Pengembangan
MEDC,"MEDC",Energy,KOMPAS100,Utama/Pengembangan
MIKA,"MIKA",Healthcare,KOMPAS100,Utama/Pengembangan
MINA,"MINA",Consumer Cyclicals,KOMPAS100,Utama/Pengembangan
MYOR,"MYOR",Consumer Non-Cyclicals,KOMPAS100,Utama/Pengembangan
NCKL,"NCKL",Basic Materials,KOMPAS100,Utama/Pengembangan
PANI,"PANI",Consumer Non-Cyclicals,KOMPAS100,Utama/Pengembangan
PGAS,"PGAS",Energy,KOMPAS100,Utama/Pengembangan
PGEO,"PGEO",Infrastructure,KOMPAS100,Utama/Pengembangan
PNLF,"PNLF",Financials,KOMPAS100,Utama/Pengembangan
PSAB,"PSAB",Basic Materials,KOMPAS100,Utama/Pengembangan
PTBA,"PTBA",Energy,KOMPAS100,Utama/Pengembangan
PTRO,"PTRO",Energy,KOMPAS100,Utama/Pengembangan
PWON,"PWON",Property,KOMPAS100,Utama/Pengembangan
RAJA,"RAJA",Energy,KOMPAS100,Utama/Pengembangan
RATU,"RATU",Energy,KOMPAS100,Utama/Pengembangan
RMKE,"RMKE",Energy,KOMPAS100,Utama/Pengembangan
SCMA,"SCMA",Consumer Cyclicals,KOMPAS100,Utama/Pengembangan
SGER,"SGER",Energy,KOMPAS100,Utama/Pengembangan
SMGR,"SMGR",Basic Materials,KOMPAS100,Utama/Pengembangan
SMIL,"SMIL",Industrials,KOMPAS100,Utama/Pengembangan
SMRA,"SMRA",Property,KOMPAS100,Utama/Pengembangan
SSIA,"SSIA",Infrastructure,KOMPAS100,Utama/Pengembangan
TAPG,"TAPG",Consumer Non-Cyclicals,KOMPAS100,Utama/Pengembangan
TINS,"TINS",Basic Materials,KOMPAS100,Utama/Pengembangan
TLKM,"TLKM",Infrastructure,KOMPAS100,Utama/Pengembangan
TOBA,"TOBA",Energy,KOMPAS100,Utama/Pengembangan
TOWR,"TOWR",Infrastructure,KOMPAS100,Utama/Pengembangan
TPIA,"TPIA",Basic Materials,KOMPAS100,Utama/Pengembangan
UNTR,"UNTR",Industrials,KOMPAS100,Utama/Pengembangan
UNVR,"UNVR",Consumer Non-Cyclicals,KOMPAS100,Utama/Pengembangan
WIFI,"WIFI",Consumer Cyclicals,KOMPAS100,Utama/Pengembangan
WIRG,"WIRG",Technology,KOMPAS100,Utama/Pengembangan
